<?xml version="1.0" encoding="UTF-8"?><vBIU xmlns:bfa="urn:com.sap.b1i.bizprocessor:bizatoms" xmlns:xsi="http://www.w3.org/2001/XMLSchema-instance" xmlns="urn:com.sap.b1i.vplatform:entity" xsi:schemaLocation="urn:com.sap.b1i.vplatform:entity ../../com.sap.b1i.vplatform.repository/xsd/vPlatform.xsd" Id="Z.InsertOrder" SId="Z.InsertOrder" internal="false" parallel="true" mlogexcl="false" version="1.0.0" proc="" b1isncompmode="false" b1autocommit="false" bi1fver="1.22.5"><Inbound><Formatting><ruledoc></ruledoc><skipempty>false</skipempty></Formatting><DataRetrieval delret="false"><method>Handover</method><adapter></adapter><type></type><mode></mode><ruledoc></ruledoc></DataRetrieval><Channel Id="INB_FI_EXST_ASYN_NAM"><type>Flat File</type><mode>Asynchronous</mode><trigger>File exist</trigger><obj>Order</obj><ident>File Name</ident><idpar></idpar><idns></idns></Channel></Inbound><Outbound><Channel Id="OUT_B1"><type>SAP Business One</type><format>DI Object</format></Channel><Successor Id="" Mode=""></Successor><OUT_B1><object><method>Synchronous Insert</method><objectid>17</objectid><updpol></updpol><keyname>DocEntry</keyname></object></OUT_B1><ErrResend>Resend from outbound phase</ErrResend></Outbound></vBIU>