<?xml version="1.0" encoding="UTF-8"?><vPacDocu xmlns:bfa="urn:com.sap.b1i.bizprocessor:bizatoms" ts="2017/11/07 20:32:15"><vPac id="Z.InsertInvoice"><main><desc>Insert Invoice from XML</desc><vendor>OneSolutions</vendor><version>1.0.0</version><last>2017/09/26 15:44:25</last><bizarea>Test</bizarea></main><msglog><msglog>Default message log</msglog><msglogactive>true</msglogactive><indmsglogalways>false</indmsglogalways></msglog><errhdlg><errhdlgsync>Default error handling</errhdlgsync><errhdlgasync>Default error handling</errhdlgasync><outerrhdlg>Default error handling</outerrhdlg><errinbox>true</errinbox></errhdlg><variables cnt="0" last=""></variables><properties cnt="0" last=""></properties><joblist cnt="0" last=""></joblist><glbtables cnt="0" last=""></glbtables><valuemapping cnt="0" last=""></valuemapping><authentication id="no authenticiation"></authentication></vPac><vBIUList cnt="1"><vBIU id="Z.InsertInvoice"><variables cnt="0" last=""></variables><inbound><Channel id="INB_FI_EXST_ASYN_NAM"><type>Flat File</type><mode>Asynchronous</mode><trigger>File exist</trigger><obj>Invoice</obj><ident>File Name</ident><idpar></idpar><idns></idns></Channel><Retrieval method="Handover"></Retrieval><Formatting format="dynamic"></Formatting></inbound><outbound><Channel id="OUT_B1"><type>SAP Business One</type><format>DI Object</format><method>Synchronous Insert</method><objectid>13</objectid><updpol></updpol><keyname>DocEntry</keyname><successor></successor><succtype></succtype></Channel></outbound><processing flow="vBIU.bfd"><atom id="atom0" type="final" label="final"><desc>Invoke XSLT file to convert import object to result object</desc></atom></processing><consistency errors="0" warnings="0"></consistency></vBIU></vBIUList></vPacDocu>